{"classifier": {"auc": 0.302016269482442, "distinct": 38, "entropy": 0.8793918576915638, "falsepos": 0.1718713435247936}, "product": {"entropy": 0.3352848595110578, "size": 989}, "reports": {"fullscore": 0.5398542295072575, "loss": 0.527590843893659, "non_null": 0.2614902386571518, "recall": 0.7114112235205888}, "train": {"avg_time": 1.4158345446855185, "entropy": 0.37349072120252214}, "train_full": {"exp_cost": 3430, "recall": 0.8954696429645399}}