{"classifier": {"entropy": 1.3671579285402518, "meanscore": 0.3695948873590885, "time": 2.6846990501581565}, "estimate": {"exp_cost": 1999, "index": 4.256743137592248}, "mark": {"auc": 0.760069307146008, "precision": 0.7087533433158544, "size": 1349, "time": 2.3416895345520836}, "product": {"exp_cost": 5701}, "train": {"entropy": 1.1499105292717775, "f1-score": 0.8099651831729724, "loss": 0.1859524791102869}}