{"classifier": {"entropy": 1.275630038534211, "meanscore": 0.36158699828655483, "time": 2.4421175980053027}, "estimate": {"exp_cost": 1460, "index": 4.60722028137095}, "mark": {"auc": 0.7245209886725119, "precision": 0.6957885352951516, "size": 1032, "time": 2.443834843767493}, "product": {"exp_cost": 4597}, "train": {"entropy": 1.031180582250441, "f1-score": 0.7856302442291485, "loss": 0.17362986110102896}}