{"classifier": {"entropy": 1.3267476438357813, "meanscore": 0.3408558500342942, "time": 2.549402599606767}, "estimate": {"exp_cost": 2023, "index": 4.560019355328414}, "mark": {"auc": 0.7433442626220979, "precision": 0.7020437374352171, "size": 1134, "time": 2.4683715207794057}, "product": {"exp_cost": 5240}, "train": {"entropy": 1.1092188427672776, "f1-score": 0.804767877000491, "loss": 0.16434155580770182}}