{"classifier": {"entropy": 1.3227112276768567, "meanscore": 0.34410304509881984, "time": 2.574384476748678}, "estimate": {"exp_cost": 2003, "index": 4.513842451865231}, "mark": {"auc": 0.7418115135338004, "precision": 0.6955565454565784, "size": 1113, "time": 2.462938494080935}, "product": {"exp_cost": 5218}, "train": {"entropy": 1.0997523921081873, "f1-score": 0.8085104299555204, "loss": 0.1663916086822146}}