{"classifier": {"entropy": 1.4010278252841235, "meanscore": 0.4030502308776058, "time": 2.8124595581678857}, "estimate": {"exp_cost": 1793, "index": 4.508569655100633}, "mark": {"auc": 0.7811571106263177, "precision": 0.7313912061802936, "size": 1688, "time": 2.4256368494777667}, "product": {"exp_cost": 6614}, "train": {"entropy": 1.1916957767960656, "f1-score": 0.8029988591646267, "loss": 0.2003301189604253}}