{"classifier": {"entropy": 1.403849103315795, "meanscore": 0.39938478971869207, "time": 2.7797226810151696}, "estimate": {"exp_cost": 1814, "index": 4.5668350608515365}, "mark": {"auc": 0.7833899855435622, "precision": 0.7395339739245437, "size": 1735, "time": 2.4307756463703436}, "product": {"exp_cost": 6693}, "train": {"entropy": 1.2046876531188178, "f1-score": 0.7989436727985734, "loss": 0.19732028747560426}}