{"classifier": {"entropy": 1.3049077583578448, "meanscore": 0.33439955360731477, "time": 2.429575657017703}, "estimate": {"exp_cost": 1780, "index": 4.583559060087822}, "mark": {"auc": 0.7432248049595199, "precision": 0.7057658644675275, "size": 1091, "time": 2.5084656886118983}, "product": {"exp_cost": 5147}, "train": {"entropy": 1.0694600529607707, "f1-score": 0.7880997501787328, "loss": 0.1667054216889896}}