{"classifier": {"entropy": 1.4114607215241213, "meanscore": 0.4025769523689989, "time": 2.80173180725595}, "estimate": {"exp_cost": 1815, "index": 4.475219895667369}, "mark": {"auc": 0.7891669070014045, "precision": 0.7342614708054273, "size": 1769, "time": 2.399653390306876}, "product": {"exp_cost": 6546}, "train": {"entropy": 1.1967122749261374, "f1-score": 0.801879874958774, "loss": 0.20265300357449023}}