{"classifier": {"entropy": 1.323293228976769, "meanscore": 0.3436183704169441, "time": 2.5706835155100776}, "estimate": {"exp_cost": 2007, "index": 4.520925286317834}, "mark": {"auc": 0.7420665696775546, "precision": 0.6963536907131733, "size": 1116, "time": 2.46367058738362}, "product": {"exp_cost": 5221}, "train": {"entropy": 1.1008835798619, "f1-score": 0.8079723448232045, "loss": 0.1661403392045101}}