{"branch": {"recall": 0.5062307289172159}, "estimate": {"auc": 0.6109652269954774, "loss": 0.5606988533874037}, "train": {"accuracy": 0.7029571539473984, "non_null": 0.38252516087961197}, "train_full": {"index": 2.475260373906653, "non_null": 0.4844352730854563, "recall": 0.8360528481635355}}