{"branch": {"recall": 0.5213888316502088}, "estimate": {"auc": 0.6265131417490553, "loss": 0.5428396196434364}, "train": {"accuracy": 0.7096608392418202, "non_null": 0.36460153086165914}, "train_full": {"index": 2.424439713518699, "non_null": 0.4882094391405525, "recall": 0.8450966396301283}}