{"branch": {"recall": 0.5231993181395577}, "estimate": {"auc": 0.6395146032873951, "loss": 0.5285269938459166}, "train": {"accuracy": 0.7402230965157829, "non_null": 0.32001556259843256}, "train_full": {"index": 2.4059721915298917, "non_null": 0.47532873319883884, "recall": 0.8531379828212386}}