{"branch": {"recall": 0.5336909099877973, "new": 0.566123891043}, "estimate": {"auc": 0.6575761838821468, "loss": 0.487431562088686}, "train": {"accuracy": 0.7736735470958216, "non_null": 0.27144326343031}, "train_full": {"index": 2.911020548236088, "non_null": 0.4278993578598489, "recall": 0.8764851188444037}}
