{"branch": {"recall": 0.5235072440683007}, "estimate": {"auc": 0.6515891458310767, "loss": 0.5141762088253282}, "train": {"accuracy": 0.77444522277721, "non_null": 0.2811321288436147}, "train_full": {"index": 2.6767397609495176, "non_null": 0.4478124340152747, "recall": 0.8607397268861497}}