{"branch": {"avg_time": 2.011869321394364, "errors": 50}, "classifier": {"auc": 0.8603527525781494, "errors": 95}, "model": {"fullscore": 0.7781194578079002, "non_null": 0.12813185541995542, "recall": 0.7448249455697121}, "results": {"loss": 0.10475064655322808, "meanscore": 0.7688748309897332, "non_null": 0.3270392832649396, "prediction_time": 1.8042214897371636, "time": 2.0243231763429224}, "train_full": {"loss": 0.23834939266066935, "size": 1371}}