{"branch": {"avg_time": 1.6918257584238128, "errors": 43}, "classifier": {"auc": 0.8289600269195648, "errors": 80}, "model": {"fullscore": 0.7395159961199727, "non_null": 0.16489161817940412, "recall": 0.7307182332816757}, "results": {"loss": 0.139184293782608, "meanscore": 0.7114709251279271, "non_null": 0.3875901459043789, "prediction_time": 1.5525432061997242, "time": 1.6849967994916253}, "train_full": {"loss": 0.26963042413617744, "size": 833}}