{"branch": {"avg_time": 2.0202090336608944, "errors": 50}, "classifier": {"auc": 0.8584696030725297, "errors": 94}, "model": {"fullscore": 0.7771192961817012, "non_null": 0.13058891924909333, "recall": 0.7453200606909258}, "results": {"loss": 0.10676236485340285, "meanscore": 0.7693219715837322, "non_null": 0.3262417274417754, "prediction_time": 1.7916629661405212, "time": 2.034889967668648}, "train_full": {"loss": 0.23906106727840237, "size": 1343}}