{"branch": {"avg_time": 1.3027610591621588, "errors": 33}, "classifier": {"auc": 0.8387408775424033, "errors": 67}, "model": {"fullscore": 0.7040268208088624, "non_null": 0.21105216045483788, "recall": 0.6995523696328645}, "results": {"loss": 0.21617572567120613, "meanscore": 0.6995256422552647, "non_null": 0.4006842869068017, "prediction_time": 1.366750238163063, "time": 1.4567082842899257}, "train_full": {"loss": 0.3069924621547414, "size": 812}}