{"branch": {"avg_time": 1.4962723437783136, "errors": 41}, "classifier": {"auc": 0.8392175316877962, "errors": 75}, "model": {"fullscore": 0.7145012165789376, "non_null": 0.1942121365616618, "recall": 0.6974107411381941}, "results": {"loss": 0.1513901020383448, "meanscore": 0.708017599559436, "non_null": 0.3815585008122203, "prediction_time": 1.4523923791466895, "time": 1.516547163238918}, "train_full": {"loss": 0.29055031983079316, "size": 781}}