{"branch": {"avg_time": 2.285670026751125, "errors": 50}, "classifier": {"auc": 0.8711281567252263, "errors": 105}, "model": {"fullscore": 0.7821961737985497, "non_null": 0.1281154305563872, "recall": 0.7448358632757128}, "results": {"loss": 0.08700275277226188, "meanscore": 0.7922049339337472, "non_null": 0.3195254465630428, "prediction_time": 1.9221715395169783, "time": 2.0354838833350386}, "train_full": {"loss": 0.23174173966966705, "size": 1630}}