{"branch": {"avg_time": 1.774895267323369, "errors": 43}, "classifier": {"auc": 0.8348434313673487, "errors": 84}, "model": {"fullscore": 0.7743083395832734, "non_null": 0.13108806925360983, "recall": 0.7340450060096431}, "results": {"loss": 0.15188835678835366, "meanscore": 0.7421829297702714, "non_null": 0.3734857164979335, "prediction_time": 1.6425461799674963, "time": 2.0003227585019734}, "train_full": {"loss": 0.25549013734491544, "size": 1218}}