{"branch": {"avg_time": 1.8008466963215572, "errors": 49}, "classifier": {"auc": 0.8586762973142754, "errors": 87}, "model": {"fullscore": 0.7761801592099603, "non_null": 0.1280138547393741, "recall": 0.745574148738651}, "results": {"loss": 0.12179289819657979, "meanscore": 0.7596739718492247, "non_null": 0.33402902307485505, "prediction_time": 1.6873433318108588, "time": 2.0654208854774567}, "train_full": {"loss": 0.24780358081088028, "size": 1210}}