{"branch": {"avg_time": 1.627889629781354, "errors": 40}, "classifier": {"auc": 0.823511135780567, "errors": 79}, "model": {"fullscore": 0.7309880117481387, "non_null": 0.17177875073355064, "recall": 0.721696575556257}, "results": {"loss": 0.14279976383194393, "meanscore": 0.7078898253263957, "non_null": 0.39662980426369765, "prediction_time": 1.500133895024608, "time": 1.6483849045083079}, "train_full": {"loss": 0.2832851120496437, "size": 830}}