{"branch": {"avg_time": 1.7641426179362234, "errors": 41}, "classifier": {"auc": 0.8224441709094636, "errors": 82}, "model": {"fullscore": 0.7625764755973803, "non_null": 0.1440343267617914, "recall": 0.7408202900641769}, "results": {"loss": 0.15365142502194207, "meanscore": 0.7223401886459406, "non_null": 0.39280394000059693, "prediction_time": 1.5987714624379188, "time": 1.8547545282668296}, "train_full": {"loss": 0.26297818414506824, "size": 1030}}