{"branch": {"avg_time": 2.0169552047278114, "errors": 51}, "classifier": {"auc": 0.8607559260986309, "errors": 93}, "model": {"fullscore": 0.7737970719717158, "non_null": 0.13326805213410065, "recall": 0.7447614364220281}, "results": {"loss": 0.10796962539970167, "meanscore": 0.7739725209768024, "non_null": 0.32539184239754226, "prediction_time": 1.7794743529693962, "time": 2.0312719787132605}, "train_full": {"loss": 0.23962731187405462, "size": 1348}}