{"branch": {"avg_time": 1.3696968805051335, "errors": 39}, "classifier": {"auc": 0.8476216727072929, "errors": 71}, "model": {"fullscore": 0.7113224536643301, "non_null": 0.20886196437668625, "recall": 0.6947580692536426}, "results": {"loss": 0.18937977701856468, "meanscore": 0.7088864119402039, "non_null": 0.37853155150335094, "prediction_time": 1.4072985939763938, "time": 1.4518165054399546}, "train_full": {"loss": 0.2987778692576454, "size": 832}}