{"branch": {"avg_time": 1.4965082360920254, "errors": 41}, "classifier": {"auc": 0.83940574276641, "errors": 76}, "model": {"fullscore": 0.7142926576655267, "non_null": 0.19430793944441482, "recall": 0.6971845467774128}, "results": {"loss": 0.15159130007036348, "meanscore": 0.7078781514877964, "non_null": 0.38151887169835663, "prediction_time": 1.453481963291451, "time": 1.5167133303355271}, "train_full": {"loss": 0.2904100590257359, "size": 782}}