{"branch": {"avg_time": 2.0118919975284144, "errors": 50}, "classifier": {"auc": 0.8606522435999392, "errors": 95}, "model": {"fullscore": 0.7777507160341867, "non_null": 0.12791385871438665, "recall": 0.7450052430765199}, "results": {"loss": 0.10464811235282001, "meanscore": 0.7688251574391902, "non_null": 0.3270365434103215, "prediction_time": 1.8035373048331982, "time": 2.0244904569441413}, "train_full": {"loss": 0.23831913849648045, "size": 1372}}