{"classifier": {"recall": 0.8258619399682731, "size": 2505}, "estimate": {"loss": 0.34104179128994794}, "mark": {"errors": 117, "precision": 0.8237054822099699}, "reports": {"benchmark": 0.41077214449828436, "falsepos": 0.17604159833284427, "n_docs": 1832}, "results": {"n_docs": 1417, "precision": 0.7579405223506018, "weighted_avg": 1.0347064560099477}}