{"classifier": {"recall": 0.8372815934232621, "size": 2614}, "estimate": {"loss": 0.36264288112528675}, "mark": {"errors": 124, "precision": 0.8364287818499931}, "reports": {"benchmark": 0.4283221333205981, "falsepos": 0.1510290376470802, "n_docs": 2133}, "results": {"n_docs": 1234, "precision": 0.7757601327949932, "weighted_avg": 1.1059147995908278}}