{"classifier": {"recall": 0.7711270184994006, "size": 1845}, "estimate": {"loss": 0.37760322920554823}, "mark": {"errors": 97, "precision": 0.7987371169127514}, "reports": {"benchmark": 0.26384789588390367, "falsepos": 0.2028172690271728, "n_docs": 1784}, "results": {"n_docs": 1036, "precision": 0.7712247097441879, "weighted_avg": 1.066290611956693}}