{"classifier": {"recall": 0.7862225588326277, "size": 2108}, "estimate": {"loss": 0.37122215463068964}, "mark": {"errors": 103, "precision": 0.7967787992492863}, "reports": {"benchmark": 0.27147851105396276, "falsepos": 0.2084014031313135, "n_docs": 2159}, "results": {"n_docs": 899, "precision": 0.7707517372499786, "weighted_avg": 1.0620776952205615}}