{"classifier": {"recall": 0.8069720994673248, "size": 2358}, "estimate": {"loss": 0.3202700164465192}, "mark": {"errors": 110, "precision": 0.8051927813240234}, "reports": {"benchmark": 0.3365319101184221, "falsepos": 0.20201130868655903, "n_docs": 2025}, "results": {"n_docs": 1127, "precision": 0.7603177035232118, "weighted_avg": 1.0314012020172176}}