{"brand": {"benchmark": 0.7964373409943442, "exp_cost": 5680, "weighted_avg": 0.18525052348714655}, "classifier": {"fullscore": 0.7915729070088813}, "reports": {"recall": 0.7864788508350518}, "results": {"avg_time": 3.118107802240955, "fullscore": 0.8632002619825297, "precision": 0.8993350886913913, "prediction_time": 2.157258906510037, "weighted_avg": 0.565031774577645}, "train": {"accuracy": 0.7570531535638614, "f1-score": 0.8479163291288947}, "train_full": {"precision": 0.6467466713911669}}