{"brand": {"benchmark": 0.7342670092609369, "exp_cost": 3183, "weighted_avg": 0.0632443657145527}, "classifier": {"fullscore": 0.7847844652259779}, "reports": {"recall": 0.7112379539042969}, "results": {"avg_time": 2.706338735639402, "fullscore": 0.8332184750393612, "precision": 0.8802851416027009, "prediction_time": 1.9965668665666254, "weighted_avg": 0.33964278964856387}, "train": {"accuracy": 0.713252928338783, "f1-score": 0.8279445996560046}, "train_full": {"precision": 0.5619999728591669}}