{"brand": {"benchmark": 0.7384765063695493, "exp_cost": 3206, "weighted_avg": 0.06658565862228193}, "classifier": {"fullscore": 0.7862955572298443}, "reports": {"recall": 0.7119669787679551}, "results": {"avg_time": 2.717009997748514, "fullscore": 0.8316648290876965, "precision": 0.8805409798341254, "prediction_time": 1.9651967870015206, "weighted_avg": 0.3568735739550616}, "train": {"accuracy": 0.7178572547514401, "f1-score": 0.822783763185733}, "train_full": {"precision": 0.5579136826274854}}