{"brand": {"benchmark": 0.8012709396563233, "exp_cost": 5588, "weighted_avg": 0.17653122924063103}, "classifier": {"fullscore": 0.7915255881574506}, "reports": {"recall": 0.7903378770770565}, "results": {"avg_time": 3.0999350270394723, "fullscore": 0.8599358539170137, "precision": 0.8996116802774319, "prediction_time": 2.180620097282192, "weighted_avg": 0.6108953245863289}, "train": {"accuracy": 0.755114444782661, "f1-score": 0.8445723871707991}, "train_full": {"precision": 0.6589003160709661}}