{"brand": {"benchmark": 0.7393210960004803, "exp_cost": 3244, "weighted_avg": 0.06258242228464637}, "classifier": {"fullscore": 0.7876365017369048}, "reports": {"recall": 0.7183787090120198}, "results": {"avg_time": 2.7267593730569324, "fullscore": 0.8343371182419543, "precision": 0.8789820646620108, "prediction_time": 1.9606944028878652, "weighted_avg": 0.35311741125615764}, "train": {"accuracy": 0.714315960294867, "f1-score": 0.8234125799077884}, "train_full": {"precision": 0.5603399297612016}}