{"brand": {"benchmark": 0.6616124068757747, "exp_cost": 4760, "weighted_avg": 0.1414137397168609}, "classifier": {"fullscore": 0.7966263669189959}, "reports": {"recall": 0.7648992286953142}, "results": {"avg_time": 2.898756965500047, "fullscore": 0.8445439222577863, "precision": 0.8884214010154723, "prediction_time": 2.1119232461728363, "weighted_avg": 0.5052895352457933}, "train": {"accuracy": 0.728672336305985, "f1-score": 0.8395700719929053}, "train_full": {"precision": 0.639794833899723}}