{"brand": {"benchmark": 0.7888034016033955, "exp_cost": 5597, "weighted_avg": 0.17528147184988319}, "classifier": {"fullscore": 0.7902730631337874}, "reports": {"recall": 0.7844493203411992}, "results": {"avg_time": 3.1294103428237645, "fullscore": 0.863529101228702, "precision": 0.8996279679683077, "prediction_time": 2.1601612821538776, "weighted_avg": 0.570350400287994}, "train": {"accuracy": 0.7545713179641833, "f1-score": 0.848091964902794}, "train_full": {"precision": 0.6482279925633881}}