{"brand": {"benchmark": 0.7955942690073017, "exp_cost": 5669, "weighted_avg": 0.18409094044938562}, "classifier": {"fullscore": 0.7914113916534129}, "reports": {"recall": 0.7862423173873352}, "results": {"avg_time": 3.1193076083982616, "fullscore": 0.8632939858668545, "precision": 0.8993547617831531, "prediction_time": 2.1580295797388045, "weighted_avg": 0.5661252548172191}, "train": {"accuracy": 0.7567798572502921, "f1-score": 0.8479680052908}, "train_full": {"precision": 0.6469149492315481}}