{"brand": {"benchmark": 0.742081146118301, "exp_cost": 3182, "weighted_avg": 0.06388914082854168}, "classifier": {"fullscore": 0.7856824776733529}, "reports": {"recall": 0.7149225089267538}, "results": {"avg_time": 2.6911978151800224, "fullscore": 0.8310217954568652, "precision": 0.8803209747113463, "prediction_time": 2.0086262706715248, "weighted_avg": 0.3644887947610983}, "train": {"accuracy": 0.7136669249775605, "f1-score": 0.8256260681697564}, "train_full": {"precision": 0.5691066374249125}}