{"brand": {"benchmark": 0.740661764984608, "exp_cost": 3208, "weighted_avg": 0.06334872502743681}, "classifier": {"fullscore": 0.7853220845322968}, "reports": {"recall": 0.7155965707769185}, "results": {"avg_time": 2.7070826465122018, "fullscore": 0.8334903370018634, "precision": 0.879813043227957, "prediction_time": 1.9982533131272908, "weighted_avg": 0.35046929399421356}, "train": {"accuracy": 0.7118420474980187, "f1-score": 0.8263032534746311}, "train_full": {"precision": 0.566021609874035}}