{"brand": {"benchmark": 0.750599137879501, "exp_cost": 3267, "weighted_avg": 0.063930055237424}, "classifier": {"fullscore": 0.7883127168753283}, "reports": {"recall": 0.7257348227811864}, "results": {"avg_time": 2.720925038861594, "fullscore": 0.8323134245453581, "precision": 0.8785477446374992, "prediction_time": 1.9713758678099476, "weighted_avg": 0.3813364500714824}, "train": {"accuracy": 0.7130367548746025, "f1-score": 0.8198980887990321}, "train_full": {"precision": 0.5690526835121511}}