{"brand": {"benchmark": 0.6440692650154902, "exp_cost": 3694, "weighted_avg": 0.10574668120194229}, "classifier": {"fullscore": 0.7967952360783964}, "reports": {"recall": 0.7372604960311578}, "results": {"avg_time": 2.7595882824681595, "fullscore": 0.8346187038328792, "precision": 0.8807614790561129, "prediction_time": 2.042349804678998, "weighted_avg": 0.40879115998848}, "train": {"accuracy": 0.7118498994397007, "f1-score": 0.8324905676149621}, "train_full": {"precision": 0.5952062954105812}}