{"brand": {"benchmark": 0.7324827978538664, "exp_cost": 3167, "weighted_avg": 0.05928550921092966}, "classifier": {"fullscore": 0.7865189764708547}, "reports": {"recall": 0.7136963561454309}, "results": {"avg_time": 2.6959706731654633, "fullscore": 0.8328988884773287, "precision": 0.879404600577329, "prediction_time": 2.006622804066278, "weighted_avg": 0.34866528977835576}, "train": {"accuracy": 0.7124587494619091, "f1-score": 0.8288505282799097}, "train_full": {"precision": 0.5669274220190511}}