{"classifier": {"distinct": 44}, "estimate": {"fullscore": 0.8806506269470818}, "model": {"accuracy": 0.904442461277626, "falsepos": 0.061918237008610655}, "reports": {"accuracy": 0.5188853844041482, "meanscore": 0.25264941616043796}, "train": {"f1-score": 0.5457930195718736, "weighted_avg": -0.15134575520809618}}