{"classifier": {"distinct": 44}, "estimate": {"fullscore": 0.8575260940125072}, "model": {"accuracy": 0.8969654069643878, "falsepos": 0.0753814471889408}, "reports": {"accuracy": 0.5051814296783013, "meanscore": 0.22751310615596954}, "train": {"f1-score": 0.5211872989661827, "weighted_avg": -0.1674438648974234}}