{"classifier": {"distinct": 50}, "estimate": {"fullscore": 0.8969018895202834}, "model": {"accuracy": 0.9171990143130097, "falsepos": 0.05131048227967938}, "reports": {"accuracy": 0.5461428958219616, "meanscore": 0.24958019309355994}, "train": {"f1-score": 0.5731965301082839, "weighted_avg": -0.016933455766461353}}