{"classifier": {"distinct": 52}, "estimate": {"fullscore": 0.8877415316890067}, "model": {"accuracy": 0.9123507095513815, "falsepos": 0.06270780351394323}, "reports": {"accuracy": 0.5334757679871273, "meanscore": 0.2652890387434623}, "train": {"f1-score": 0.5598318950024395, "weighted_avg": -0.10748316920896439}}