{"classifier": {"distinct": 45}, "estimate": {"fullscore": 0.8704929175365496}, "model": {"accuracy": 0.9009682106493141, "falsepos": 0.06704699855770335}, "reports": {"accuracy": 0.5152834340833563, "meanscore": 0.24182985502365373}, "train": {"f1-score": 0.5317905907236572, "weighted_avg": -0.15733905473257015}}