{"classifier": {"distinct": 45}, "estimate": {"fullscore": 0.8578188435378402}, "model": {"accuracy": 0.8949575748345168, "falsepos": 0.07588239758211868}, "reports": {"accuracy": 0.5051932163155829, "meanscore": 0.2276152145770074}, "train": {"f1-score": 0.516968827829104, "weighted_avg": -0.1748529439363083}}