{"classifier": {"distinct": 52}, "estimate": {"fullscore": 0.8900226067439538}, "model": {"accuracy": 0.9132909839786234, "falsepos": 0.06295563670403515}, "reports": {"accuracy": 0.534528398877654, "meanscore": 0.26492171830604355}, "train": {"f1-score": 0.5625882054268962, "weighted_avg": -0.09652194515730517}}