{"classifier": {"distinct": 43}, "estimate": {"fullscore": 0.8752915310063163}, "model": {"accuracy": 0.8933795022158826, "falsepos": 0.08487517545479051}, "reports": {"accuracy": 0.48091511373844525, "meanscore": 0.23251766829501763}, "train": {"f1-score": 0.5101403476422816, "weighted_avg": -0.23547348706211713}}