{"classifier": {"distinct": 45}, "estimate": {"fullscore": 0.8575244546059715}, "model": {"accuracy": 0.8951851017743555, "falsepos": 0.07596158760022376}, "reports": {"accuracy": 0.5052509267858846, "meanscore": 0.2280022015555409}, "train": {"f1-score": 0.5176416820931474, "weighted_avg": -0.17575248477108524}}